ID,Lat,Long
1,33.4604389,-111.9442294
2,33.4602771,-111.9448278
3,33.4602243,-111.9443447
4,33.4599415,-111.9427742
5,33.4609004,-111.9448526
6,33.4607423,-111.9451560
7,33.4593412,-111.9446111
8,33.4597065,-111.9443708
9,33.4596734,-111.9442900
10,33.4596155,-111.9442195
11,33.4596519,-111.9442294
12,33.4597414,-111.9442850
13,33.4596472,-111.9441563
14,33.4595947,-111.9441564
15,33.4598262,-111.9439330
16,33.4600377,-111.9443074
17,33.4597334,-111.9438287
18,33.4597889,-111.9439899
19,33.4597831,-111.9438593
20,33.4592540,-111.9440509
21,33.4594492,-111.9446866
22,33.4593407,-111.9444758
23,33.4594469,-111.9449124
24,33.4593757,-111.9448465
25,33.4592717,-111.9441741
26,33.4596703,-111.9444708
27,33.4599328,-111.9443291
28,33.4597485,-111.9444001
29,33.4601066,-111.9441693
30,33.4597624,-111.9444430
31,33.4596580,-111.9443793
32,33.4594487,-111.9438590
33,33.4594940,-111.9438244
34,33.4619002,-111.9455623
35,33.4593532,-111.9436934
36,33.4619200,-111.9454704
37,33.4591630,-111.9437690
38,33.4592397,-111.9437110
39,33.4592242,-111.9440336
40,33.4593364,-111.9436570
41,33.4594276,-111.9437264
42,33.4618990,-111.9455266
43,33.4591266,-111.9440396
44,33.4591322,-111.9439863
45,33.4589598,-111.9438414
46,33.4592706,-111.9438898
47,33.4591898,-111.9438906
48,33.4589562,-111.9437549
49,33.4589297,-111.9437537
50,33.4592858,-111.9440998
51,33.4594420,-111.9441187
52,33.4595685,-111.9441706
53,33.4593563,-111.9440271
54,33.4592993,-111.9439075
55,33.4595189,-111.9440562
56,33.4589440,-111.9440095
57,33.4591790,-111.9441234
58,33.4603522,-111.9450246
59,33.4601220,-111.9428570
60,33.4614994,-111.9451212
61,33.4595200,-111.9443401
62,33.4596145,-111.9444084
63,33.4594383,-111.9440503
64,33.4596028,-111.9438383
65,33.4596052,-111.9443521
66,33.4592518,-111.9438847
67,33.4592930,-111.9438894
68,33.4595714,-111.9442933
69,33.4594741,-111.9436847
70,33.4595687,-111.9441015
71,33.4596703,-111.9442572
72,33.4595396,-111.9442546
73,33.4595666,-111.9441949
74,33.4589842,-111.9436435
75,33.4598675,-111.9437840
76,33.4599603,-111.9436724
77,33.4589575,-111.9437092
78,33.4589455,-111.9437491
79,33.4590155,-111.9437753
80,33.4600461,-111.9438243
81,33.4600788,-111.9437435
82,33.4600791,-111.9437535
83,33.4589693,-111.9436898
84,33.4627928,-111.9477290
85,33.4591624,-111.9436427
86,33.4592904,-111.9435885
87,33.4593081,-111.9435726
88,33.4594242,-111.9434840
89,33.4593734,-111.9434941
90,33.4598268,-111.9437423
91,33.4598246,-111.9437351
92,33.4625188,-111.9481169
93,33.4593913,-111.9436235
94,33.4593377,-111.9437059
95,33.4603422,-111.9445781
96,33.4626150,-111.9479614
97,33.4594257,-111.9436801
98,33.4603445,-111.9437750
99,33.4594267,-111.9438483
100,33.4604256,-111.9447631
101,33.4603823,-111.9445763
102,33.4603864,-111.9448437
103,33.4591316,-111.9437457
104,33.4595357,-111.9449754
105,33.4600033,-111.9432024
106,33.4599863,-111.9432129
107,33.4625886,-111.9475808
108,33.4600844,-111.9432072
109,33.4594029,-111.9424935
110,33.4596688,-111.9425762
111,33.4596704,-111.9422965
112,33.4597583,-111.9428750
113,33.4621000,-111.9463864
114,33.4596188,-111.9429106
115,33.4596213,-111.9428823
116,33.4595714,-111.9428553
117,33.4594771,-111.9428977
118,33.4597209,-111.9429006
119,33.4590786,-111.9424444
120,33.4589447,-111.9424227
121,33.4601166,-111.9432656
122,33.4590166,-111.9424429
123,33.4589939,-111.9423702
124,33.4601880,-111.9431181
125,33.4601511,-111.9432687
126,33.4601900,-111.9431123
127,33.4621990,-111.9465094
128,33.4599916,-111.9452501
129,33.4600101,-111.9427476
130,33.4599188,-111.9427882
131,33.4599421,-111.9427956
132,33.4599514,-111.9428102
133,33.4600059,-111.9429438
134,33.4600026,-111.9429910
135,33.4600165,-111.9430050
136,33.4600752,-111.9429066
137,33.4600225,-111.9427291
138,33.4600835,-111.9432027
139,33.4600634,-111.9429342
140,33.4600573,-111.9428855
141,33.4598575,-111.9428029
142,33.4598966,-111.9427198
143,33.4600382,-111.9432849
144,33.4601281,-111.9426117
145,33.4597547,-111.9427455
146,33.4598265,-111.9427562
147,33.4600511,-111.9426910
148,33.4601610,-111.9427125
149,33.4600134,-111.9430264
150,33.4601058,-111.9429771
151,33.4600716,-111.9430822
152,33.4600762,-111.9431365
153,33.4600850,-111.9431532
154,33.4600768,-111.9431690
155,33.4600992,-111.9431692
156,33.4598022,-111.9435136
157,33.4603891,-111.9435967
158,33.4598176,-111.9434809
159,33.4598671,-111.9435391
160,33.4598840,-111.9434832
161,33.4598926,-111.9434566
162,33.4597237,-111.9434229
163,33.4599199,-111.9433105
164,33.4600415,-111.9431504
165,33.4600210,-111.9430964
166,33.4599450,-111.9431269
167,33.4599116,-111.9428679
168,33.4601637,-111.9431148
169,33.4601247,-111.9429894
170,33.4600221,-111.9430210
171,33.4601056,-111.9426712
172,33.4600989,-111.9427277
173,33.4601382,-111.9427572
174,33.4602136,-111.9426634
175,33.4601770,-111.9428020
176,33.4599447,-111.9430677
177,33.4599203,-111.9430141
178,33.4599166,-111.9429376
179,33.4601241,-111.9429262
180,33.4598875,-111.9429705
181,33.4598442,-111.9429011
182,33.4599642,-111.9429872
183,33.4601395,-111.9428368
184,33.4600631,-111.9427346
185,33.4600438,-111.9427332
186,33.4597329,-111.9440706
187,33.4599166,-111.9427147
188,33.4601726,-111.9430476
189,33.4595504,-111.9450075
190,33.4595545,-111.9449012
191,33.4595435,-111.9445986
192,33.4594831,-111.9441715
193,33.4597830,-111.9443533
194,33.4595444,-111.9445569
195,33.4602156,-111.9434666
196,33.4603126,-111.9437932
197,33.4603469,-111.9437411
198,33.4601689,-111.9437637
199,33.4600802,-111.9437696
200,33.4600631,-111.9437815
201,33.4600575,-111.9437570
202,33.4603188,-111.9441928
203,33.4595195,-111.9430799
204,33.4589931,-111.9432527
205,33.4590466,-111.9432728
206,33.4590863,-111.9431488
207,33.4590705,-111.9431715
208,33.4591650,-111.9432347
209,33.4589797,-111.9432778
210,33.4602862,-111.9453159
211,33.4603604,-111.9441936
212,33.4600908,-111.9431045
213,33.4602504,-111.9448331
214,33.4602749,-111.9446732
215,33.4602620,-111.9447189
216,33.4608688,-111.9447821
217,33.4607778,-111.9448982
218,33.4608502,-111.9447500
219,33.4609501,-111.9448686
220,33.4604143,-111.9450297
221,33.4603601,-111.9448802
222,33.4605942,-111.9449645
223,33.4605823,-111.9449157
224,33.4606390,-111.9452028
225,33.4614139,-111.9457807
226,33.4612430,-111.9457117
227,33.4606432,-111.9451673
228,33.4610230,-111.9449105
229,33.4610280,-111.9449009
230,33.4610279,-111.9448918
231,33.4610246,-111.9448826
232,33.4610212,-111.9448805
233,33.4610074,-111.9444130
234,33.4612560,-111.9447262
235,33.4612264,-111.9445992
236,33.4607413,-111.9445206
237,33.4607405,-111.9449303
238,33.4608640,-111.9443405
239,33.4608979,-111.9443415
240,33.4619088,-111.9455454
241,33.4600462,-111.9426482
242,33.4600040,-111.9446859
243,33.4606700,-111.9452138
244,33.4621716,-111.9463686
245,33.4623998,-111.9465321
246,33.4624465,-111.9463007
247,33.4622773,-111.9462356
248,33.4624220,-111.9464826
249,33.4623892,-111.9465585
250,33.4624000,-111.9464083
251,33.4623810,-111.9466129
252,33.4622039,-111.9463696
253,33.4623114,-111.9461614
254,33.4622173,-111.9464757
255,33.4620551,-111.9464847
256,33.4585091,-111.9426562
257,33.4581087,-111.9422625
258,33.4580993,-111.9425739
259,33.4581324,-111.9426512
260,33.4581181,-111.9426892
261,33.4582091,-111.9426117
262,33.4582046,-111.9426186
263,33.4582128,-111.9425204
264,33.4581623,-111.9425860
265,33.4582385,-111.9423071
266,33.4582830,-111.9423615
267,33.4583430,-111.9425226
268,33.4580641,-111.9422466
269,33.4583992,-111.9425067
270,33.4584062,-111.9425991
271,33.4585819,-111.9424698
272,33.4584021,-111.9421347
273,33.4586705,-111.9421697
274,33.4586882,-111.9421746
275,33.4588105,-111.9422688
276,33.4588073,-111.9423759
277,33.4588153,-111.9423733
278,33.4581300,-111.9422771
279,33.4588932,-111.9423241
280,33.4587511,-111.9425910
281,33.4586720,-111.9426531
282,33.4586540,-111.9426622
283,33.4585199,-111.9427205
284,33.4583976,-111.9428028
285,33.4581296,-111.9422909
286,33.4584070,-111.9428228
287,33.4582804,-111.9427977
288,33.4580983,-111.9428592
289,33.4581430,-111.9429186
290,33.4581438,-111.9431511
291,33.4580993,-111.9432669
292,33.4584128,-111.9433457
293,33.4586107,-111.9432510
294,33.4584977,-111.9430668
295,33.4584990,-111.9430099
296,33.4581499,-111.9423937
297,33.4585485,-111.9429223
298,33.4585859,-111.9429928
299,33.4585565,-111.9430782
300,33.4586438,-111.9429041
301,33.4588217,-111.9428262
302,33.4589081,-111.9429350
303,33.4589181,-111.9431712
304,33.4586971,-111.9432952
305,33.4586522,-111.9433456
306,33.4581915,-111.9424294
307,33.4580798,-111.9425083
308,33.4580549,-111.9423370
309,33.4587055,-111.9431205
310,33.4586838,-111.9430511
311,33.4581455,-111.9424894
312,33.4581393,-111.9425367
313,33.4602118,-111.9434326
314,33.4589922,-111.9459199
315,33.4586276,-111.9465631
316,33.4609178,-111.9475523
317,33.4610627,-111.9460571
318,33.4611334,-111.9482342
319,33.4613845,-111.9479487
320,33.4616240,-111.9478880
321,33.4616914,-111.9479831
322,33.4617554,-111.9481740
323,33.4619341,-111.9479797
324,33.4581166,-111.9459046
325,33.4620535,-111.9475421
326,33.4621057,-111.9466231
327,33.4621868,-111.9466003
328,33.4619344,-111.9468275
329,33.4617356,-111.9468320
330,33.4617001,-111.9468662
331,33.4616172,-111.9467610
332,33.4616978,-111.9466624
333,33.4615517,-111.9465726
334,33.4573594,-111.9458892
335,33.4620842,-111.9465452
336,33.4616255,-111.9464951
337,33.4617747,-111.9458379
338,33.4623478,-111.9461555
339,33.4623996,-111.9462555
340,33.4623597,-111.9465425
341,33.4610851,-111.9465085
342,33.4575395,-111.9476746
343,33.4611670,-111.9472488
344,33.4618610,-111.9458180
345,33.4620226,-111.9465318
346,33.4607660,-111.9471734
347,33.4619389,-111.9467662
348,33.4620931,-111.9466009
349,33.4620155,-111.9469078
350,33.4583525,-111.9478121
351,33.4615772,-111.9461861
352,33.4612682,-111.9461261
353,33.4622485,-111.9458746
354,33.4612252,-111.9461577
355,33.4620141,-111.9459893
356,33.4606955,-111.9469208
357,33.4620300,-111.9459703
358,33.4610076,-111.9461339
359,33.4587674,-111.9476776
360,33.4619048,-111.9458124
361,33.4619290,-111.9457499
362,33.4619056,-111.9457847
363,33.4616733,-111.9464821
364,33.4622824,-111.9468807
365,33.4619184,-111.9470308
366,33.4618338,-111.9471831
367,33.4617578,-111.9471614
368,33.4587949,-111.9478469
369,33.4617043,-111.9471342
370,33.4617920,-111.9469911
371,33.4617384,-111.9470216
372,33.4616681,-111.9472462
373,33.4615712,-111.9473114
374,33.4614719,-111.9473223
375,33.4615161,-111.9475338
376,33.4614808,-111.9474912
377,33.4586997,-111.9469623
378,33.4610245,-111.9482660
379,33.4613153,-111.9474032
380,33.4614588,-111.9472138
381,33.4613704,-111.9469351
382,33.4613635,-111.9468184
383,33.4625320,-111.9463248
384,33.4625332,-111.9461935
385,33.4625663,-111.9461286
386,33.4611030,-111.9481959
387,33.4610620,-111.9480274
388,33.4588996,-111.9468402
389,33.4610026,-111.9480594
390,33.4611361,-111.9479531
391,33.4611337,-111.9479478
392,33.4612123,-111.9478933
393,33.4611315,-111.9485293
394,33.4611407,-111.9485387
395,33.4614595,-111.9483968
396,33.4615053,-111.9482873
397,33.4615920,-111.9482940
398,33.4615666,-111.9482229
399,33.4619207,-111.9478911
400,33.4620210,-111.9480036
401,33.4622539,-111.9477064
402,33.4621980,-111.9475818
403,33.4624909,-111.9475792
404,33.4626491,-111.9476118
405,33.4620482,-111.9476258
406,33.4616719,-111.9482910
407,33.4619070,-111.9473554
408,33.4619479,-111.9472983
409,33.4624597,-111.9459751
410,33.4623051,-111.9457342
411,33.4626191,-111.9459217
412,33.4626705,-111.9458673
413,33.4623277,-111.9470865
414,33.4627062,-111.9465853
415,33.4626905,-111.9463955
416,33.4615789,-111.9479372
417,33.4629454,-111.9460894
418,33.4629779,-111.9460965
419,33.4603402,-111.9467337
420,33.4602397,-111.9465502
421,33.4600334,-111.9463217
422,33.4604186,-111.9463904
423,33.4605016,-111.9459677
424,33.4586159,-111.9435668
425,33.4606282,-111.9459280
426,33.4630453,-111.9455929
427,33.4617140,-111.9475782
428,33.4633020,-111.9454190
429,33.4634217,-111.9452680
430,33.4635141,-111.9449814
431,33.4634838,-111.9449468
432,33.4635200,-111.9448254
433,33.4635970,-111.9448164
434,33.4635151,-111.9447517
435,33.4639157,-111.9443580
436,33.4639153,-111.9435891
437,33.4618221,-111.9475917
438,33.4618477,-111.9475485
439,33.4617940,-111.9474746
440,33.4618309,-111.9478816
441,33.4627998,-111.9425372
442,33.4627091,-111.9435017
443,33.4627113,-111.9434960
444,33.4615123,-111.9468394
445,33.4625760,-111.9429637
446,33.4624485,-111.9428020
447,33.4624036,-111.9426343
448,33.4619590,-111.9421566
449,33.4619760,-111.9423460
450,33.4618218,-111.9424362
451,33.4620435,-111.9426631
452,33.4612440,-111.9429607
453,33.4642362,-111.9429718
454,33.4621900,-111.9440505
455,33.4621018,-111.9440131
456,33.4621814,-111.9442022
457,33.4623354,-111.9445115
458,33.4623320,-111.9445214
459,33.4622807,-111.9445827
460,33.4621609,-111.9447227
461,33.4618965,-111.9444594
462,33.4643644,-111.9433107
463,33.4622544,-111.9447131
464,33.4622871,-111.9447568
465,33.4623329,-111.9447517
466,33.4622606,-111.9447962
467,33.4622862,-111.9450203
468,33.4624286,-111.9448723
469,33.4624766,-111.9449226
470,33.4644752,-111.9425887
471,33.4624761,-111.9449283
472,33.4648709,-111.9412873
473,33.4642673,-111.9424385
474,33.4624712,-111.9449321
475,33.4574263,-111.9422280
476,33.4575707,-111.9423579
477,33.4579851,-111.9425250
478,33.4579321,-111.9426269
479,33.4578535,-111.9425882
480,33.4578388,-111.9425748
481,33.4578153,-111.9426244
482,33.4575891,-111.9425727
483,33.4630709,-111.9452065
484,33.4574903,-111.9424990
485,33.4574937,-111.9425532
486,33.4575196,-111.9426111
487,33.4575193,-111.9426172
488,33.4572965,-111.9425912
489,33.4572409,-111.9426217
490,33.4598895,-111.9471461
491,33.4598868,-111.9471611
492,33.4603159,-111.9477070
493,33.4601342,-111.9476824
494,33.4600783,-111.9475677
495,33.4598668,-111.9476207
496,33.4598668,-111.9476208
497,33.4592104,-111.9466238
498,33.4592141,-111.9463011
499,33.4591498,-111.9462058
500,33.4590853,-111.9466922
501,33.4594562,-111.9478504
502,33.4589312,-111.9471819
503,33.4632739,-111.9449443
504,33.4589521,-111.9470006
505,33.4586566,-111.9479123
506,33.4587482,-111.9475761
507,33.4587482,-111.9475821
508,33.4584392,-111.9469762
509,33.4584495,-111.9461703
510,33.4580179,-111.9427087
511,33.4580091,-111.9427091
512,33.4578067,-111.9427583
513,33.4578824,-111.9427185
514,33.4621294,-111.9468205
515,33.4587675,-111.9422379
516,33.4579303,-111.9422108
517,33.4578068,-111.9423475
518,33.4616930,-111.9454764
519,33.4576655,-111.9429314
520,33.4573610,-111.9430846
521,33.4579678,-111.9430733
522,33.4580499,-111.9431276
523,33.4577243,-111.9436433
524,33.4574076,-111.9437141
525,33.4581558,-111.9435808
526,33.4581855,-111.9435280
527,33.4575621,-111.9437958
528,33.4583371,-111.9435888
529,33.4583807,-111.9435776
530,33.4576689,-111.9429587
531,33.4585284,-111.9436178
532,33.4585754,-111.9437245
533,33.4585587,-111.9436549
534,33.4583582,-111.9435454
535,33.4583955,-111.9435503
536,33.4585662,-111.9435463
537,33.4584780,-111.9475106
538,33.4584796,-111.9476259
539,33.4584761,-111.9476329
540,33.4585381,-111.9477295
541,33.4575418,-111.9429049
542,33.4583305,-111.9477269
543,33.4583433,-111.9475182
544,33.4581659,-111.9474666
545,33.4582307,-111.9476060
546,33.4585616,-111.9436358
547,33.4584726,-111.9439832
548,33.4583079,-111.9440208
549,33.4581863,-111.9438525
550,33.4582128,-111.9438192
551,33.4580529,-111.9438283
552,33.4578015,-111.9427683
553,33.4580141,-111.9437999
554,33.4579873,-111.9438703
555,33.4578912,-111.9439948
556,33.4580302,-111.9440731
557,33.4581290,-111.9441104
558,33.4581841,-111.9441855
559,33.4583551,-111.9441890
560,33.4583597,-111.9442828
561,33.4583463,-111.9442913
562,33.4577783,-111.9427517
563,33.4581082,-111.9444280
564,33.4575638,-111.9426825
565,33.4572513,-111.9430957
566,33.4578971,-111.9432871
567,33.4580113,-111.9434301
568,33.4587365,-111.9436192
569,33.4585492,-111.9445113
570,33.4588886,-111.9442669
571,33.4589570,-111.9442669
572,33.4590354,-111.9443073
573,33.4590399,-111.9443625
574,33.4590702,-111.9442989
575,33.4590183,-111.9444140
576,33.4589313,-111.9444658
577,33.4590951,-111.9445317
578,33.4588314,-111.9444173
579,33.4588526,-111.9436901
580,33.4587290,-111.9445068
581,33.4586868,-111.9445397
582,33.4587564,-111.9445494
583,33.4588000,-111.9446131
584,33.4588941,-111.9445944
585,33.4585931,-111.9448189
586,33.4585626,-111.9447022
587,33.4587565,-111.9447696
588,33.4587914,-111.9448217
589,33.4589032,-111.9439323
590,33.4589449,-111.9448026
591,33.4589926,-111.9448166
592,33.4589323,-111.9447322
593,33.4590939,-111.9447769
594,33.4590992,-111.9447466
595,33.4591487,-111.9446747
596,33.4592339,-111.9444905
597,33.4592256,-111.9447795
598,33.4590863,-111.9447002
599,33.4591378,-111.9447302
600,33.4587055,-111.9440866
601,33.4591156,-111.9446004
602,33.4592066,-111.9446104
603,33.4592060,-111.9447378
604,33.4592684,-111.9448220
605,33.4593146,-111.9447569
606,33.4593444,-111.9448548
607,33.4592756,-111.9449784
608,33.4592809,-111.9449888
609,33.4592895,-111.9447091
610,33.4592128,-111.9449571
611,33.4585370,-111.9440780
612,33.4593168,-111.9449356
613,33.4585620,-111.9443137
614,33.4586597,-111.9443259
615,33.4587546,-111.9442174
616,33.4588450,-111.9441790
617,33.4591236,-111.9448423
618,33.4590537,-111.9451558
619,33.4591142,-111.9451142
620,33.4591500,-111.9451422
621,33.4591234,-111.9451907
622,33.4590814,-111.9452273
623,33.4590833,-111.9452371
624,33.4592626,-111.9452275
625,33.4593207,-111.9455253
626,33.4594669,-111.9456160
627,33.4595893,-111.9457037
628,33.4591650,-111.9448853
629,33.4596208,-111.9456525
630,33.4596278,-111.9455636
631,33.4595612,-111.9455675
632,33.4595745,-111.9454558
633,33.4593830,-111.9452514
634,33.4593521,-111.9452169
635,33.4594830,-111.9451629
636,33.4583032,-111.9425052
637,33.4583347,-111.9432644
638,33.4586320,-111.9450904
639,33.4591374,-111.9449461
640,33.4588739,-111.9453251
641,33.4588730,-111.9453359
642,33.4588954,-111.9453451
643,33.4587953,-111.9453139
644,33.4587836,-111.9453682
645,33.4586959,-111.9453256
646,33.4590854,-111.9455540
647,33.4590410,-111.9455653
648,33.4588617,-111.9458424
649,33.4588775,-111.9458313
650,33.4590833,-111.9449508
651,33.4588661,-111.9458030
652,33.4586696,-111.9456628
653,33.4585625,-111.9456794
654,33.4585313,-111.9454336
655,33.4585398,-111.9454264
656,33.4586241,-111.9458110
657,33.4587272,-111.9459032
658,33.4584070,-111.9455456
659,33.4581910,-111.9454720
660,33.4581603,-111.9454666
661,33.4588761,-111.9449447
662,33.4578091,-111.9459009
663,33.4589130,-111.9449894
664,33.4586960,-111.9452623
665,33.4589821,-111.9451924
666,33.4589991,-111.9452330
667,33.4578683,-111.9474586
668,33.4575559,-111.9473313
669,33.4573319,-111.9468267
670,33.4577714,-111.9455417
671,33.4579670,-111.9453679
672,33.4578664,-111.9452803
673,33.4578380,-111.9453448
674,33.4572530,-111.9443858
675,33.4576557,-111.9446895
676,33.4584572,-111.9443589
677,33.4583704,-111.9445044
678,33.4579490,-111.9446117
679,33.4575077,-111.9443079
680,33.4573673,-111.9446586
681,33.4573138,-111.9449313
682,33.4576575,-111.9444003
683,33.4577599,-111.9442666
684,33.4583381,-111.9444527
685,33.4583644,-111.9444565
686,33.4582499,-111.9445156
687,33.4578155,-111.9478776
688,33.4580718,-111.9446991
689,33.4580293,-111.9447049
690,33.4577665,-111.9446723
691,33.4626254,-111.9477283
692,33.4580115,-111.9497274
693,33.4585617,-111.9489654
694,33.4585694,-111.9488014
695,33.4576369,-111.9500325
696,33.4574562,-111.9485762
697,33.4577258,-111.9470855
698,33.4582248,-111.9491507
699,33.4581033,-111.9494190
700,33.4582316,-111.9495511
701,33.4582912,-111.9495967
702,33.4582873,-111.9488409
703,33.4608318,-111.9483655
704,33.4587670,-111.9483387
705,33.4587553,-111.9483090
706,33.4577013,-111.9464834
707,33.4588131,-111.9482008
708,33.4577126,-111.9464336
709,33.4575988,-111.9467539
710,33.4575582,-111.9470648
711,33.4574736,-111.9470609
712,33.4580270,-111.9480590
713,33.4590331,-111.9484173
714,33.4589819,-111.9491525
715,33.4596773,-111.9480483
716,33.4597362,-111.9483169
717,33.4597414,-111.9487706
718,33.4598324,-111.9486883
719,33.4599018,-111.9490188
720,33.4603966,-111.9480984
721,33.4603783,-111.9484644
722,33.4588938,-111.9479477
723,33.4606839,-111.9483984
724,33.4603389,-111.9491391
725,33.4625030,-111.9483702
726,33.4625260,-111.9481271
727,33.4626150,-111.9479614
728,33.4625677,-111.9478667
729,33.4625907,-111.9478931
730,33.4625283,-111.9480309
731,33.4625009,-111.9480084
732,33.4589058,-111.9479669
733,33.4628082,-111.9477791
734,33.4634706,-111.9456560
735,33.4620474,-111.9466394
736,33.4592820,-111.9447530
737,33.4593960,-111.9449704
738,33.4611911,-111.9481001
739,33.4620907,-111.9473978
740,33.4593668,-111.9485014
741,33.4620195,-111.9474117
742,33.4621986,-111.9471482
743,33.4588556,-111.9425248
744,33.4602514,-111.9441817
745,33.4622388,-111.9464202
746,33.4606817,-111.9435822
747,33.4593137,-111.9486406
748,33.4592931,-111.9486188
749,33.4595358,-111.9488676
750,33.4591253,-111.9479124
751,33.4591610,-111.9480344
752,33.4595941,-111.9446265
753,33.4594086,-111.9447660
754,33.4594373,-111.9447238
755,33.4595359,-111.9447076
756,33.4595872,-111.9447739
757,33.4595161,-111.9447706
758,33.4594827,-111.9447562
759,33.4594053,-111.9449005
760,33.4593668,-111.9449556
761,33.4593384,-111.9450590
762,33.4595118,-111.9448950
763,33.4595771,-111.9446255
764,33.4595637,-111.9448544
765,33.4595814,-111.9448394
766,33.4595861,-111.9448759
767,33.4595248,-111.9449920
768,33.4595480,-111.9450679
769,33.4595783,-111.9446073
770,33.4595042,-111.9444855
771,33.4594418,-111.9444531
772,33.4595001,-111.9446021
773,33.4595124,-111.9446742
774,33.4593946,-111.9446673
775,33.4593341,-111.9446958
776,33.4600663,-111.9438908
777,33.4598635,-111.9443836
778,33.4598312,-111.9443882
779,33.4598563,-111.9444289
780,33.4598692,-111.9443069
781,33.4598690,-111.9442961
782,33.4602783,-111.9441671
783,33.4602671,-111.9441444
784,33.4601230,-111.9440685
785,33.4599827,-111.9438644
786,33.4590364,-111.9438546
787,33.4596837,-111.9445282
788,33.4597112,-111.9445306
789,33.4597931,-111.9442853
790,33.4598605,-111.9443886
791,33.4601938,-111.9435436
792,33.4602061,-111.9432873
793,33.4602324,-111.9431913
794,33.4599347,-111.9429482
795,33.4598860,-111.9429949
796,33.4598436,-111.9430238
797,33.4598357,-111.9429805
798,33.4598101,-111.9429551
799,33.4598133,-111.9429056
800,33.4596644,-111.9429466
801,33.4601493,-111.9435957
802,33.4596121,-111.9427326
803,33.4595669,-111.9429651
804,33.4595301,-111.9427842
805,33.4594803,-111.9425013
806,33.4595542,-111.9424968
807,33.4595606,-111.9424567
808,33.4595066,-111.9423553
809,33.4596211,-111.9423344
810,33.4596063,-111.9432446
811,33.4596213,-111.9432894
812,33.4600878,-111.9435626
813,33.4598439,-111.9433829
814,33.4598638,-111.9431873
815,33.4599162,-111.9434123
816,33.4599171,-111.9434368
817,33.4599027,-111.9435852
818,33.4600762,-111.9428492
819,33.4600315,-111.9427760
820,33.4599371,-111.9426045
821,33.4600716,-111.9426145
822,33.4597318,-111.9429466
823,33.4596178,-111.9429757
824,33.4596150,-111.9429783
825,33.4589499,-111.9428466
826,33.4599581,-111.9433218
827,33.4600265,-111.9433023
828,33.4600951,-111.9433798
829,33.4601233,-111.9432814
830,33.4601433,-111.9433030
831,33.4594938,-111.9430975
832,33.4595609,-111.9431551
833,33.4599867,-111.9434763
834,33.4602445,-111.9436622
835,33.4591276,-111.9430349
836,33.4598988,-111.9443629
837,33.4591355,-111.9439540
838,33.4600521,-111.9436955
839,33.4599295,-111.9432518
840,33.4598727,-111.9433317
841,33.4596505,-111.9426155
842,33.4594986,-111.9429794
843,33.4591163,-111.9432681
844,33.4590887,-111.9432442
845,33.4603056,-111.9433570
846,33.4615739,-111.9462053
847,33.4604339,-111.9458329
848,33.4603215,-111.9433497
849,33.4604275,-111.9437429
850,33.4604632,-111.9436590
851,33.4609748,-111.9438424
852,33.4608269,-111.9445500
853,33.4612540,-111.9458396
854,33.4613602,-111.9458395
855,33.4588676,-111.9447295
856,33.4615341,-111.9450014
857,33.4616797,-111.9446205
858,33.4615568,-111.9461912
859,33.4603773,-111.9453004
860,33.4598765,-111.9455082
861,33.4597619,-111.9455784
862,33.4597751,-111.9458181
863,33.4603994,-111.9449443
864,33.4614312,-111.9437159
865,33.4597689,-111.9456311
866,33.4609302,-111.9442764
867,33.4606971,-111.9445809
868,33.4610079,-111.9446182
869,33.4610649,-111.9448183
870,33.4610422,-111.9448468
871,33.4614037,-111.9449372
872,33.4603319,-111.9436452
873,33.4622037,-111.9466892
874,33.4622019,-111.9466712
875,33.4617433,-111.9475115
876,33.4592685,-111.9449155
877,33.4607676,-111.9447309
878,33.4592440,-111.9446149
879,33.4590495,-111.9448365
880,33.4594037,-111.9447360
881,33.4600966,-111.9428815
882,33.4633479,-111.9433526
883,33.4634929,-111.9433672
884,33.4635058,-111.9433229
885,33.4635511,-111.9433676
886,33.4636363,-111.9434690
887,33.4636851,-111.9436647
888,33.4637188,-111.9436585
889,33.4637125,-111.9437173
890,33.4635220,-111.9436732
891,33.4635082,-111.9435755
892,33.4602144,-111.9430503
893,33.4634633,-111.9435476
894,33.4635591,-111.9439421
895,33.4628119,-111.9456617
896,33.4600351,-111.9490371
897,33.4600321,-111.9490069
898,33.4599997,-111.9490240
899,33.4598067,-111.9496287
900,33.4597878,-111.9496516
901,33.4597728,-111.9496515
902,33.4601471,-111.9436559
903,33.4597554,-111.9497291
904,33.4597972,-111.9497793
905,33.4597561,-111.9497881
906,33.4631452,-111.9433314
907,33.4631572,-111.9433478
908,33.4631478,-111.9433771
909,33.4632861,-111.9433704
910,33.4632834,-111.9434025
911,33.4609420,-111.9442757
912,33.4603016,-111.9433918
913,33.4602832,-111.9433998
914,33.4603054,-111.9434334
915,33.4602096,-111.9432503
916,33.4602220,-111.9431438
917,33.4601350,-111.9432467
918,33.4598664,-111.9427563
919,33.4600320,-111.9432439
920,33.4601595,-111.9429392
921,33.4599112,-111.9428414
922,33.4599497,-111.9427412
923,33.4600375,-111.9426157
924,33.4600710,-111.9432846
925,33.4599091,-111.9430200
926,33.4601053,-111.9426047
927,33.4599906,-111.9430205
928,33.4598846,-111.9432381
929,33.4594991,-111.9429792
930,33.4594996,-111.9429809
931,33.4587823,-111.9424668
932,33.4583679,-111.9429335
933,33.4595652,-111.9435857
934,33.4598980,-111.9443630
935,33.4592614,-111.9444353
936,33.4592357,-111.9475925
937,33.4596742,-111.9475215
938,33.4591596,-111.9443940
939,33.4586355,-111.9446826
940,33.4624866,-111.9478649
941,33.4601549,-111.9430681
942,33.4617054,-111.9454841
943,33.4598777,-111.9432156
944,33.4585686,-111.9446064
945,33.4597835,-111.9497624
946,33.4602536,-111.9435527
947,33.4581321,-111.9430090
948,33.4596408,-111.9445714
949,33.4595972,-111.9450058
950,33.4581317,-111.9430115
951,33.4580926,-111.9429347
952,33.4576044,-111.9433809
953,33.4575374,-111.9435541
954,33.4590926,-111.9448213
955,33.4597411,-111.9428364
956,33.4622631,-111.9446877
957,33.4614707,-111.9482695
958,33.4614575,-111.9478281
959,33.4615459,-111.9481118
960,33.4615246,-111.9481874
961,33.4602125,-111.9488514
962,33.4601673,-111.9489574
963,33.4601602,-111.9490218
964,33.4614773,-111.9482133
965,33.4614870,-111.9477833
966,33.4597023,-111.9428487
967,33.4597579,-111.9496460
968,33.4616069,-111.9468684
969,33.4575279,-111.9427921
970,33.4574336,-111.9428341
971,33.4572990,-111.9428150
972,33.4572835,-111.9424424
973,33.4576047,-111.9430513
974,33.4574795,-111.9469938
975,33.4611381,-111.9485424
976,33.4586602,-111.9487529
977,33.4586590,-111.9487560
978,33.4582726,-111.9488169
979,33.4609222,-111.9438443
980,33.4595683,-111.9429663
981,33.4594944,-111.9449547
982,33.4575715,-111.9463854
983,33.4594578,-111.9448544
984,33.4573103,-111.9437698
985,33.4579347,-111.9422194
986,33.4576073,-111.9430520
987,33.4613847,-111.9461001
988,33.4621766,-111.9467159
989,33.4621948,-111.9467267
990,33.4622132,-111.9467129
991,33.4622286,-111.9466879
992,33.4622085,-111.9466562
993,33.4648078,-111.9425738
994,33.4612250,-111.9473577
995,33.4595931,-111.9428801
996,33.4611401,-111.9441476
997,33.4611403,-111.9441506
998,33.4620174,-111.9470451
999,33.4620185,-111.9470424
1000,33.4620183,-111.9470402
1001,33.4618781,-111.9470202
1002,33.4612613,-111.9451022
1003,33.4612602,-111.9451165
1004,33.4612233,-111.9447375
1005,33.4588829,-111.9448354
1006,33.4585043,-111.9448692
1007,33.4604341,-111.9438618
1008,33.4609060,-111.9483692
1009,33.4578162,-111.9426573
1010,33.4572876,-111.9425531
1011,33.4593569,-111.9445953
1012,33.4594051,-111.9446486
1013,33.4591527,-111.9449942
1014,33.4579243,-111.9479485
1015,33.4609071,-111.9483719
1016,33.4620188,-111.9470392
1017,33.4602215,-111.9481787
1018,33.4585122,-111.9471040
1019,33.4582874,-111.9474411
1020,33.4577798,-111.9471275
1021,33.4607140,-111.9486871
1022,33.4607258,-111.9486555
1023,33.4621181,-111.9470038
1024,33.4626872,-111.9464755
1025,33.4626315,-111.9465269
1026,33.4626288,-111.9465156
1027,33.4626569,-111.9465521
1028,33.4626421,-111.9464731
1029,33.4624928,-111.9469280
1030,33.4624416,-111.9469867
1031,33.4626472,-111.9464899
1032,33.4621812,-111.9446106
1033,33.4621753,-111.9446164
1034,33.4621802,-111.9445888
1035,33.4621681,-111.9446213
1036,33.4621707,-111.9445778
1037,33.4621619,-111.9445990
1038,33.4601747,-111.9434542
1039,33.4576149,-111.9442614
1040,33.4584335,-111.9453782
1041,33.4572380,-111.9434062
1042,33.4572366,-111.9432952
1043,33.4572318,-111.9428639
1044,33.4594489,-111.9430118
1045,33.4589451,-111.9438827
1046,33.4604037,-111.9437111
1047,33.4604127,-111.9439224
1048,33.4618536,-111.9436553
1049,33.4580549,-111.9493468
1050,33.4580545,-111.9496614
1051,33.4616558,-111.9473577
1052,33.4577607,-111.9470818
1053,33.4592502,-111.9463249
1054,33.4589102,-111.9481962
1055,33.4591084,-111.9449221
1056,33.4619576,-111.9472813
1057,33.4612171,-111.9466373
1058,33.4616321,-111.9474217
1059,33.4616295,-111.9473905
1060,33.4616533,-111.9473976
1061,33.4631711,-111.9449668
1062,33.4607543,-111.9435567
1063,33.4609283,-111.9439258
1064,33.4586939,-111.9422714
1065,33.4572323,-111.9428670
1066,33.4610006,-111.9440387
1067,33.4603820,-111.9460875
1068,33.4619540,-111.9468681
1069,33.4620759,-111.9439415
