Accession Planting,,Exclude
2008-0001-01-33,,exclude
2011-0084-01-1,,exclude
2013-0013-01-17,,exclude
2013-0013-01-18,,exclude
2013-0013-01-19,,exclude
2012-0254-01-10,,exclude
2012-0254-01-1,,exclude
2012-0254-01-14,,exclude
2012-0254-01-13,,exclude
2012-0254-01-2,,exclude
2012-0254-01-16,,exclude
2012-0254-01-15,,exclude
1987-0156-01-25,,exclude
1990-0350-01-7,,exclude
1991-0210-01-10,,exclude
1991-0210-01-12,,exclude
1985-0254-01-15,,exclude
1985-0254-01-16,,exclude
1985-0254-01-14,,exclude
1985-0254-01-32,,exclude
1982-0006-06-17,,exclude
1985-0254-01-26,,exclude
1981-0042-01-9,,exclude
1980-0369-01-2,,exclude
1981-0042-01-7,,exclude
1980-0279-01-4,,exclude
1987-0009-01-1,,exclude
1980-0279-01-2,,exclude
1990-0214-01-19,,exclude
1991-0210-01-13,,exclude
1982-0006-06-2,,exclude
2008-0149-01-3,,exclude
1983-0683-01-4,,exclude
1978-0501-01-1,,exclude
1978-0489-01-1,,exclude
1977-1447-01-1,,exclude
1977-0887-01-1,,exclude
1976-0379-01-1,,exclude
1991-0210-01-15,,exclude
1976-0379-01-17,,exclude
1970-1021-01-2,,exclude
1978-0542-01-2,,exclude
1966-8295-01-4,,exclude
1966-8295-01-3,,exclude
1993-0076-01-3,,exclude
1993-0375-01-3,,exclude
1993-0392-01-1,,exclude
1966-8295-01-2,,exclude
1966-8295-01-5,,exclude
1991-0210-01-2,,exclude
2002-0161-01-1,,exclude
2002-0161-01-18,,exclude
2002-0161-01-3,,exclude
1993-0375-01-1,,exclude
1990-0350-01-1,,exclude
1993-0416-01-4,,exclude
1976-0379-01-19,,exclude
1979-0328-01-1,,exclude
2016-0042-01-12,,exclude
1993-0375-01-4,,exclude
2002-0161-01-7,,exclude
1992-0135-01-1,,exclude
2015-8888-01-1,,exclude
