Accession Planting,Exclude
2008-0001-01-33,exclude
2011-0084-01-1,exclude
2013-0013-01-17,exclude
2013-0013-01-18,exclude
2013-0013-01-19,exclude
2012-0254-01-10,exclude
2012-0254-01-1,exclude
2012-0254-01-14,exclude
2012-0254-01-13,exclude
2012-0254-01-2,exclude
2012-0254-01-16,exclude
2012-0254-01-15,exclude
1987-0156-01-25,exclude
1990-0350-01-7,exclude
1991-0210-01-10,exclude
1991-0210-01-12,exclude
1985-0254-01-15,exclude
1985-0254-01-16,exclude
1985-0254-01-14,exclude
1985-0254-01-32,exclude
1982-0006-06-17,exclude
1985-0254-01-26,exclude
1981-0042-01-9,exclude
1980-0369-01-2,exclude
1981-0042-01-7,exclude
1980-0279-01-4,exclude
1987-0009-01-1,exclude
1980-0279-01-2,exclude
1990-0214-01-19,exclude
1991-0210-01-13,exclude
1982-0006-06-2,exclude
2008-0149-01-3,exclude
1983-0683-01-4,exclude
1978-0501-01-1,exclude
1978-0489-01-1,exclude
1977-1447-01-1,exclude
1977-0887-01-1,exclude
1976-0379-01-1,exclude
1991-0210-01-15,exclude
1976-0379-01-17,exclude
1970-1021-01-2,exclude
1978-0542-01-2,exclude
1966-8295-01-4,exclude
1966-8295-01-3,exclude
1993-0076-01-3,exclude
1993-0375-01-3,exclude
1993-0392-01-1,exclude
1966-8295-01-2,exclude
1966-8295-01-5,exclude
1991-0210-01-2,exclude
2002-0161-01-1,exclude
2002-0161-01-18,exclude
2002-0161-01-3,exclude
1993-0375-01-1,exclude
1990-0350-01-1,exclude
1993-0416-01-4,exclude
1976-0379-01-19,exclude
1979-0328-01-1,exclude
2016-0042-01-12,exclude
1993-0375-01-4,exclude
2002-0161-01-7,exclude
1992-0135-01-1,exclude
2015-8888-01-1,exclude
1966-8295-01-1,exclude
1970-1021-01-1,exclude
1970-9909-01-1,exclude
1971-0130-01-1,exclude
1972-0180-01-1,exclude
1976-0079-01-1,exclude
1976-0235-01-1,exclude
1976-0379-01-10,exclude
1976-0379-01-11,exclude
1976-0379-01-12,exclude
1976-0379-01-13,exclude
1976-0379-01-14,exclude
1976-0379-01-15,exclude
1976-0379-01-16,exclude
1976-0379-01-18,exclude
1976-0379-01-2,exclude
1976-0379-01-20,exclude
1976-0379-01-21,exclude
1976-0379-01-22,exclude
1976-0379-01-23,exclude
1976-0379-01-24,exclude
1976-0379-01-25,exclude
1976-0379-01-26,exclude
1976-0379-01-27,exclude
1976-0379-01-3,exclude
1976-0379-01-4,exclude
1976-0379-01-5,exclude
1976-0379-01-6,exclude
1976-0379-01-7,exclude
1976-0379-01-8,exclude
1976-0379-01-9,exclude
1977-0885-01-1,exclude
1977-0886-01-1,exclude
1977-1445-01-1,exclude
1977-1446-01-1,exclude
1977-1448-01-1,exclude
1978-0471-01-1,exclude
1978-0472-01-1,exclude
1978-0480-01-1,exclude
1978-0499-01-1,exclude
1978-0500-01-2,exclude
1978-0542-01-1,exclude
1978-0542-01-10,exclude
1978-0542-01-11,exclude
1978-0542-01-13,exclude
1978-0542-01-14,exclude
1978-0542-01-15,exclude
1978-0542-01-16,exclude
1978-0542-01-17,exclude
1978-0542-01-18,exclude
1978-0542-01-3,exclude
1978-0542-01-4,exclude
1978-0542-01-5,exclude
1978-0542-01-6,exclude
1978-0542-01-7,exclude
1978-0542-01-8,exclude
1978-0542-01-9,exclude
1978-0603-01-1,exclude
1979-0358-01-1,exclude
1979-0359-01-1,exclude
1980-0075-01-3,exclude
1980-0075-01-4,exclude
1980-0075-01-5,exclude
1980-0278-01-3,exclude
1980-0279-01-3,exclude
1980-0369-01-1,exclude
1980-0369-01-3,exclude
1981-0042-01-1,exclude
1981-0042-01-10,exclude
1981-0042-01-3,exclude
1981-0042-01-4,exclude
1981-0042-01-5,exclude
1981-0042-01-6,exclude
1982-0006-06-1,exclude
1982-0006-06-10,exclude
1982-0006-06-12,exclude
1982-0006-06-15,exclude
1982-0006-06-16,exclude
1982-0006-06-19,exclude
1982-0006-06-20,exclude
1982-0006-06-21,exclude
1982-0006-06-22,exclude
1982-0006-06-23,exclude
1982-0006-06-24,exclude
1982-0006-06-3,exclude
1982-0006-06-4,exclude
1982-0006-06-5,exclude
1982-0006-06-6,exclude
1982-0006-06-7,exclude
1982-0006-06-8,exclude
1982-0006-06-9,exclude
1982-0015-01-10,exclude
1982-0015-01-11,exclude
1982-0015-01-12,exclude
1982-0015-01-13,exclude
1982-0015-01-2,exclude
1982-0015-01-5,exclude
1982-0015-01-6,exclude
1982-0015-01-8,exclude
1982-0015-01-9,exclude
1982-0108-06-2,exclude
1982-0108-06-4,exclude
1982-0108-06-5,exclude
1983-0683-01-1,exclude
1983-0683-01-2,exclude
1983-0683-01-3,exclude
1983-0683-01-7,exclude
1985-0217-01-1,exclude
1985-0254-01-1,exclude
1985-0254-01-10,exclude
1985-0254-01-11,exclude
1985-0254-01-12,exclude
1985-0254-01-19,exclude
1985-0254-01-2,exclude
1985-0254-01-21,exclude
1985-0254-01-22,exclude
1985-0254-01-23,exclude
1985-0254-01-25,exclude
1985-0254-01-27,exclude
1985-0254-01-28,exclude
1985-0254-01-29,exclude
1985-0254-01-3,exclude
1985-0254-01-30,exclude
1985-0254-01-31,exclude
1985-0254-01-4,exclude
1985-0254-01-6,exclude
1985-0254-01-9,exclude
1985-0498-01-1,exclude
1985-0633-01-6,exclude
1986-0158-01-10,exclude
1986-0158-01-12,exclude
1986-0158-01-13,exclude
1986-0158-01-15,exclude
1986-0158-01-16,exclude
1986-0158-01-17,exclude
1986-0158-01-18,exclude
1986-0158-01-20,exclude
1986-0158-01-21,exclude
1986-0158-01-3,exclude
1986-0158-01-7,exclude
1986-0158-01-8,exclude
1987-0009-01-11,exclude
1987-0009-01-12,exclude
1987-0009-01-15,exclude
1987-0009-01-17,exclude
1987-0009-01-4,exclude
1987-0009-01-7,exclude
1987-0009-01-8,exclude
1987-0009-01-9,exclude
1987-0156-01-1,exclude
1987-0156-01-10,exclude
1987-0156-01-11,exclude
1987-0156-01-12,exclude
1987-0156-01-14,exclude
1987-0156-01-15,exclude
1987-0156-01-16,exclude
1987-0156-01-17,exclude
1987-0156-01-19,exclude
1987-0156-01-2,exclude
1987-0156-01-20,exclude
1987-0156-01-21,exclude
1987-0156-01-22,exclude
1987-0156-01-23,exclude
1987-0156-01-24,exclude
1987-0156-01-26,exclude
1987-0156-01-27,exclude
1987-0156-01-29,exclude
1987-0156-01-30,exclude
1987-0156-01-31,exclude
1987-0156-01-6,exclude
1987-0156-01-8,exclude
1987-0156-01-9,exclude
1990-0214-01-10,exclude
1990-0214-01-11,exclude
1990-0214-01-12,exclude
1990-0214-01-13,exclude
1990-0214-01-15,exclude
1990-0214-01-16,exclude
1990-0214-01-17,exclude
1990-0214-01-18,exclude
1990-0214-01-2,exclude
1990-0214-01-20,exclude
1990-0214-01-22,exclude
1990-0214-01-23,exclude
1990-0214-01-4,exclude
1990-0214-01-5,exclude
1990-0214-01-7,exclude
1990-0214-01-8,exclude
1990-0350-01-12,exclude
1990-0350-01-14,exclude
1990-0350-01-16,exclude
1990-0350-01-2,exclude
1990-0350-01-3,exclude
1990-0350-01-4,exclude
1990-0350-01-5,exclude
1990-0350-01-6,exclude
1990-0374-01-1,exclude
1991-0209-01-1,exclude
1991-0209-01-2,exclude
1991-0209-01-4,exclude
1991-0209-01-5,exclude
1991-0209-01-6,exclude
1991-0209-01-7,exclude
1991-0209-01-8,exclude
1991-0210-01-1,exclude
1991-0210-01-3,exclude
1991-0210-01-4,exclude
1991-0210-01-5,exclude
1991-0210-01-6,exclude
1991-0210-01-7,exclude
1991-0210-01-8,exclude
1991-0210-01-9,exclude
1991-0292-01-1,exclude
1991-0418-01-1,exclude
1991-0421-01-1,exclude
1992-0010-01-1,exclude
1992-0019-01-1,exclude
1992-0019-01-2,exclude
1992-0148-01-1,exclude
1992-0148-01-2,exclude
1992-0148-01-3,exclude
1992-0224-01-1,exclude
1992-1198-01-1,exclude
1992-1221-01-1,exclude
1992-1223-01-1,exclude
1992-1223-01-2,exclude
1992-1464-01-1,exclude
1992-1471-01-1,exclude
1992-1471-01-2,exclude
1992-1498-01-1,exclude
1993-0054-01-1,exclude
1993-0054-01-2,exclude
1993-0054-01-3,exclude
1993-0054-01-4,exclude
1993-0054-01-5,exclude
1993-0076-01-1,exclude
1993-0076-01-2,exclude
1993-0095-01-2,exclude
1993-0101-01-1,exclude
1993-0108-01-1,exclude
1993-0291-01-1,exclude
1993-0293-01-1,exclude
1993-0375-01-2,exclude
1993-0397-01-1,exclude
1993-0402-01-2,exclude
1993-0416-01-3,exclude
2002-0161-01-10,exclude
2002-0161-01-12,exclude
2002-0161-01-13,exclude
2002-0161-01-14,exclude
2002-0161-01-15,exclude
2002-0161-01-16,exclude
2002-0161-01-17,exclude
2002-0161-01-19,exclude
2002-0161-01-2,exclude
2002-0161-01-4,exclude
2002-0161-01-5,exclude
2002-0161-01-9,exclude
2002-0188-01-1,exclude
2008-0001-01-1,exclude
2008-0001-01-10,exclude
2008-0001-01-11,exclude
2008-0001-01-12,exclude
2008-0001-01-13,exclude
2008-0001-01-14,exclude
2008-0001-01-15,exclude
2008-0001-01-16,exclude
2008-0001-01-17,exclude
2008-0001-01-18,exclude
2008-0001-01-19,exclude
2008-0001-01-2,exclude
2008-0001-01-20,exclude
2008-0001-01-21,exclude
2008-0001-01-22,exclude
2008-0001-01-24,exclude
2008-0001-01-25,exclude
2008-0001-01-26,exclude
2008-0001-01-27,exclude
2008-0001-01-28,exclude
2008-0001-01-29,exclude
2008-0001-01-3,exclude
2008-0001-01-30,exclude
2008-0001-01-35,exclude
2008-0001-01-36,exclude
2008-0001-01-37,exclude
2008-0001-01-38,exclude
2008-0001-01-39,exclude
2008-0001-01-4,exclude
2008-0001-01-40,exclude
2008-0001-01-41,exclude
2008-0001-01-42,exclude
2008-0001-01-43,exclude
2008-0001-01-44,exclude
2008-0001-01-45,exclude
2008-0001-01-46,exclude
2008-0001-01-47,exclude
2008-0001-01-48,exclude
2008-0001-01-49,exclude
2008-0001-01-5,exclude
2008-0001-01-50,exclude
2008-0001-01-51,exclude
2008-0001-01-52,exclude
2008-0001-01-53,exclude
2008-0001-01-54,exclude
2008-0001-01-55,exclude
2008-0001-01-56,exclude
2008-0001-01-58,exclude
2008-0001-01-59,exclude
2008-0001-01-6,exclude
2008-0001-01-60,exclude
2008-0001-01-61,exclude
2008-0001-01-62,exclude
2008-0001-01-63,exclude
2008-0001-01-7,exclude
2008-0001-01-9,exclude
2011-0084-01-2,exclude
2012-0065-01-1,exclude
2012-0065-01-10,exclude
2012-0065-01-11,exclude
2012-0065-01-13,exclude
2012-0065-01-14,exclude
2012-0065-01-15,exclude
2012-0065-01-16,exclude
2012-0065-01-17,exclude
2012-0065-01-18,exclude
2012-0065-01-19,exclude
2012-0065-01-2,exclude
2012-0065-01-20,exclude
2012-0065-01-22,exclude
2012-0065-01-23,exclude
2012-0065-01-24,exclude
2012-0065-01-25,exclude
2012-0065-01-26,exclude
2012-0065-01-27,exclude
2012-0065-01-28,exclude
2012-0065-01-29,exclude
2012-0065-01-3,exclude
2012-0065-01-30,exclude
2012-0065-01-31,exclude
2012-0065-01-33,exclude
2012-0065-01-34,exclude
2012-0065-01-35,exclude
2012-0065-01-36,exclude
2012-0065-01-39,exclude
2012-0065-01-4,exclude
2012-0065-01-41,exclude
2012-0065-01-42,exclude
2012-0065-01-43,exclude
2012-0065-01-44,exclude
2012-0065-01-45,exclude
2012-0065-01-47,exclude
2012-0065-01-49,exclude
2012-0065-01-5,exclude
2012-0065-01-51,exclude
2012-0065-01-52,exclude
2012-0065-01-53,exclude
2012-0065-01-54,exclude
2012-0065-01-55,exclude
2012-0065-01-56,exclude
2012-0065-01-57,exclude
2012-0065-01-58,exclude
2012-0065-01-6,exclude
2012-0065-01-60,exclude
2012-0065-01-61,exclude
2012-0065-01-62,exclude
2012-0065-01-63,exclude
2012-0065-01-65,exclude
2012-0065-01-67,exclude
2012-0065-01-68,exclude
2012-0065-01-69,exclude
2012-0065-01-7,exclude
2012-0065-01-70,exclude
2012-0065-01-71,exclude
2012-0065-01-72,exclude
2012-0065-01-73,exclude
2012-0065-01-75,exclude
2012-0065-01-76,exclude
2012-0065-01-77,exclude
2012-0065-01-78,exclude
2012-0065-01-8,exclude
2012-0065-01-80,exclude
2012-0065-01-81,exclude
2012-0065-01-82,exclude
2012-0065-01-83,exclude
2012-0065-01-84,exclude
2012-0065-01-85,exclude
2012-0065-01-86,exclude
2012-0065-01-87,exclude
2012-0065-01-88,exclude
2012-0065-01-89,exclude
2012-0065-01-9,exclude
2012-0065-01-90,exclude
2012-0065-01-91,exclude
2012-0065-01-92,exclude
2012-0065-01-93,exclude
2012-0065-01-94,exclude
2012-0065-01-95,exclude
2012-0065-01-96,exclude
2012-0065-01-98,exclude
2012-0065-01-99,exclude
2012-0214-01-1,exclude
2012-0214-01-10,exclude
2012-0214-01-11,exclude
2012-0214-01-13,exclude
2012-0214-01-14,exclude
2012-0214-01-15,exclude
2012-0214-01-16,exclude
2012-0214-01-19,exclude
2012-0214-01-2,exclude
2012-0214-01-20,exclude
2012-0214-01-21,exclude
2012-0214-01-22,exclude
2012-0214-01-23,exclude
2012-0214-01-24,exclude
2012-0214-01-25,exclude
2012-0214-01-26,exclude
2012-0214-01-27,exclude
2012-0214-01-28,exclude
2012-0214-01-3,exclude
2012-0214-01-30,exclude
2012-0214-01-31,exclude
2012-0214-01-32,exclude
2012-0214-01-33,exclude
2012-0214-01-34,exclude
2012-0214-01-35,exclude
2012-0214-01-36,exclude
2012-0214-01-37,exclude
2012-0214-01-38,exclude
2012-0214-01-39,exclude
2012-0214-01-4,exclude
2012-0214-01-40,exclude
2012-0214-01-41,exclude
2012-0214-01-42,exclude
2012-0214-01-44,exclude
2012-0214-01-45,exclude
2012-0214-01-46,exclude
2012-0214-01-47,exclude
2012-0214-01-48,exclude
2012-0214-01-49,exclude
2012-0214-01-5,exclude
2012-0214-01-6,exclude
2012-0214-01-7,exclude
2012-0214-01-9,exclude
2012-0254-01-12,exclude
2012-0254-01-18,exclude
2012-0254-01-19,exclude
2012-0254-01-20,exclude
2012-0254-01-21,exclude
2012-0254-01-22,exclude
2012-0254-01-23,exclude
2012-0254-01-24,exclude
2012-0254-01-25,exclude
2012-0254-01-26,exclude
2012-0254-01-27,exclude
2012-0254-01-29,exclude
2012-0254-01-3,exclude
2012-0254-01-30,exclude
2012-0254-01-32,exclude
2012-0254-01-33,exclude
2012-0254-01-34,exclude
2012-0254-01-35,exclude
2012-0254-01-36,exclude
2012-0254-01-37,exclude
2012-0254-01-38,exclude
2012-0254-01-39,exclude
2012-0254-01-4,exclude
2012-0254-01-41,exclude
2012-0254-01-42,exclude
2012-0254-01-43,exclude
2012-0254-01-45,exclude
2012-0254-01-46,exclude
2012-0254-01-48,exclude
2012-0254-01-49,exclude
2012-0254-01-5,exclude
2012-0254-01-50,exclude
2012-0254-01-7,exclude
2012-0254-01-8,exclude
2012-0280-01-1,exclude
2012-0280-01-10,exclude
2012-0280-01-12,exclude
2012-0280-01-13,exclude
2012-0280-01-14,exclude
2012-0280-01-15,exclude
2012-0280-01-16,exclude
2012-0280-01-17,exclude
2012-0280-01-18,exclude
2012-0280-01-2,exclude
2012-0280-01-20,exclude
2012-0280-01-21,exclude
2012-0280-01-22,exclude
2012-0280-01-23,exclude
2012-0280-01-24,exclude
2012-0280-01-25,exclude
2012-0280-01-26,exclude
2012-0280-01-27,exclude
2012-0280-01-28,exclude
2012-0280-01-29,exclude
2012-0280-01-31,exclude
2012-0280-01-32,exclude
2012-0280-01-33,exclude
2012-0280-01-34,exclude
2012-0280-01-35,exclude
2012-0280-01-36,exclude
2012-0280-01-37,exclude
2012-0280-01-38,exclude
2012-0280-01-39,exclude
2012-0280-01-4,exclude
2012-0280-01-40,exclude
2012-0280-01-42,exclude
2012-0280-01-43,exclude
2012-0280-01-44,exclude
2012-0280-01-45,exclude
2012-0280-01-46,exclude
2012-0280-01-47,exclude
2012-0280-01-48,exclude
2012-0280-01-49,exclude
2012-0280-01-50,exclude
2012-0280-01-6,exclude
2012-0280-01-7,exclude
2012-0280-01-8,exclude
2012-0280-01-9,exclude
2012-0282-01-2,exclude
2012-0307-01-1,exclude
2012-0307-01-10,exclude
2012-0307-01-11,exclude
2012-0307-01-12,exclude
2012-0307-01-13,exclude
2012-0307-01-14,exclude
2012-0307-01-15,exclude
2012-0307-01-16,exclude
2012-0307-01-17,exclude
2012-0307-01-18,exclude
2012-0307-01-19,exclude
2012-0307-01-2,exclude
2012-0307-01-20,exclude
2012-0307-01-21,exclude
2012-0307-01-22,exclude
2012-0307-01-23,exclude
2012-0307-01-24,exclude
2012-0307-01-25,exclude
2012-0307-01-26,exclude
2012-0307-01-27,exclude
2012-0307-01-28,exclude
2012-0307-01-29,exclude
2012-0307-01-3,exclude
2012-0307-01-30,exclude
2012-0307-01-31,exclude
2012-0307-01-32,exclude
2012-0307-01-33,exclude
2012-0307-01-34,exclude
2012-0307-01-35,exclude
2012-0307-01-36,exclude
2012-0307-01-37,exclude
2012-0307-01-38,exclude
2012-0307-01-39,exclude
2012-0307-01-4,exclude
2012-0307-01-40,exclude
2012-0307-01-41,exclude
2012-0307-01-42,exclude
2012-0307-01-43,exclude
2012-0307-01-44,exclude
2012-0307-01-45,exclude
2012-0307-01-46,exclude
2012-0307-01-47,exclude
2012-0307-01-48,exclude
2012-0307-01-5,exclude
2012-0307-01-50,exclude
2012-0307-01-6,exclude
2012-0307-01-7,exclude
2012-0307-01-8,exclude
2012-0307-01-9,exclude
2012-0312-01-1,exclude
2012-0312-01-10,exclude
2012-0312-01-11,exclude
2012-0312-01-12,exclude
2012-0312-01-13,exclude
2012-0312-01-14,exclude
2012-0312-01-15,exclude
2012-0312-01-16,exclude
2012-0312-01-17,exclude
2012-0312-01-18,exclude
2012-0312-01-19,exclude
2012-0312-01-2,exclude
2012-0312-01-20,exclude
2012-0312-01-21,exclude
2012-0312-01-22,exclude
2012-0312-01-23,exclude
2012-0312-01-24,exclude
2012-0312-01-25,exclude
2012-0312-01-26,exclude
2012-0312-01-27,exclude
2012-0312-01-28,exclude
2012-0312-01-3,exclude
2012-0312-01-30,exclude
2012-0312-01-31,exclude
2012-0312-01-32,exclude
2012-0312-01-33,exclude
2012-0312-01-34,exclude
2012-0312-01-35,exclude
2012-0312-01-36,exclude
2012-0312-01-37,exclude
2012-0312-01-38,exclude
2012-0312-01-39,exclude
2012-0312-01-4,exclude
2012-0312-01-40,exclude
2012-0312-01-41,exclude
2012-0312-01-42,exclude
2012-0312-01-43,exclude
2012-0312-01-44,exclude
2012-0312-01-45,exclude
2012-0312-01-46,exclude
2012-0312-01-47,exclude
2012-0312-01-48,exclude
2012-0312-01-49,exclude
2012-0312-01-5,exclude
2012-0312-01-50,exclude
2012-0312-01-6,exclude
2012-0312-01-7,exclude
2012-0312-01-8,exclude
2012-0312-01-9,exclude
2012-0313-01-1,exclude
2012-0313-01-10,exclude
2012-0313-01-11,exclude
2012-0313-01-12,exclude
2012-0313-01-13,exclude
2012-0313-01-14,exclude
2012-0313-01-15,exclude
2012-0313-01-16,exclude
2012-0313-01-17,exclude
2012-0313-01-18,exclude
2012-0313-01-19,exclude
2012-0313-01-2,exclude
2012-0313-01-20,exclude
2012-0313-01-21,exclude
2012-0313-01-22,exclude
2012-0313-01-23,exclude
2012-0313-01-24,exclude
2012-0313-01-25,exclude
2012-0313-01-26,exclude
2012-0313-01-27,exclude
2012-0313-01-28,exclude
2012-0313-01-29,exclude
2012-0313-01-3,exclude
2012-0313-01-30,exclude
2012-0313-01-31,exclude
2012-0313-01-32,exclude
2012-0313-01-33,exclude
2012-0313-01-34,exclude
2012-0313-01-35,exclude
2012-0313-01-36,exclude
2012-0313-01-37,exclude
2012-0313-01-38,exclude
2012-0313-01-39,exclude
2012-0313-01-4,exclude
2012-0313-01-40,exclude
2012-0313-01-41,exclude
2012-0313-01-42,exclude
2012-0313-01-43,exclude
2012-0313-01-44,exclude
2012-0313-01-45,exclude
2012-0313-01-46,exclude
2012-0313-01-47,exclude
2012-0313-01-48,exclude
2012-0313-01-49,exclude
2012-0313-01-5,exclude
2012-0313-01-50,exclude
2012-0313-01-6,exclude
2012-0313-01-7,exclude
2012-0313-01-8,exclude
2012-0313-01-9,exclude
2012-0314-01-1,exclude
2012-0314-01-10,exclude
2012-0314-01-11,exclude
2012-0314-01-13,exclude
2012-0314-01-14,exclude
2012-0314-01-15,exclude
2012-0314-01-16,exclude
2012-0314-01-17,exclude
2012-0314-01-18,exclude
2012-0314-01-19,exclude
2012-0314-01-20,exclude
2012-0314-01-21,exclude
2012-0314-01-22,exclude
2012-0314-01-23,exclude
2012-0314-01-24,exclude
2012-0314-01-25,exclude
2012-0314-01-26,exclude
2012-0314-01-27,exclude
2012-0314-01-28,exclude
2012-0314-01-29,exclude
2012-0314-01-3,exclude
2012-0314-01-30,exclude
2012-0314-01-31,exclude
2012-0314-01-32,exclude
2012-0314-01-34,exclude
2012-0314-01-35,exclude
2012-0314-01-36,exclude
2012-0314-01-37,exclude
2012-0314-01-38,exclude
2012-0314-01-39,exclude
2012-0314-01-4,exclude
2012-0314-01-40,exclude
2012-0314-01-41,exclude
2012-0314-01-42,exclude
2012-0314-01-43,exclude
2012-0314-01-45,exclude
2012-0314-01-46,exclude
2012-0314-01-48,exclude
2012-0314-01-49,exclude
2012-0314-01-5,exclude
2012-0314-01-50,exclude
2012-0314-01-6,exclude
2012-0314-01-7,exclude
2012-0314-01-8,exclude
2012-0314-01-9,exclude
2012-0315-01-1,exclude
2012-0315-01-10,exclude
2012-0315-01-12,exclude
2012-0315-01-13,exclude
2012-0315-01-14,exclude
2012-0315-01-15,exclude
2012-0315-01-16,exclude
2012-0315-01-17,exclude
2012-0315-01-18,exclude
2012-0315-01-19,exclude
2012-0315-01-2,exclude
2012-0315-01-20,exclude
2012-0315-01-22,exclude
2012-0315-01-23,exclude
2012-0315-01-24,exclude
2012-0315-01-25,exclude
2012-0315-01-26,exclude
2012-0315-01-27,exclude
2012-0315-01-28,exclude
2012-0315-01-29,exclude
2012-0315-01-3,exclude
2012-0315-01-30,exclude
2012-0315-01-32,exclude
2012-0315-01-33,exclude
2012-0315-01-34,exclude
2012-0315-01-35,exclude
2012-0315-01-38,exclude
2012-0315-01-39,exclude
2012-0315-01-4,exclude
2012-0315-01-40,exclude
2012-0315-01-41,exclude
2012-0315-01-43,exclude
2012-0315-01-46,exclude
2012-0315-01-47,exclude
2012-0315-01-48,exclude
2012-0315-01-49,exclude
2012-0315-01-5,exclude
2012-0315-01-6,exclude
2012-0315-01-7,exclude
2012-0315-01-8,exclude
2012-0315-01-9,exclude
2012-0320-01-1,exclude
2013-0012-01-1,exclude
2013-0012-01-10,exclude
2013-0012-01-11,exclude
2013-0012-01-12,exclude
2013-0012-01-13,exclude
2013-0012-01-14,exclude
2013-0012-01-15,exclude
2013-0012-01-16,exclude
2013-0012-01-17,exclude
2013-0012-01-18,exclude
2013-0012-01-19,exclude
2013-0012-01-2,exclude
2013-0012-01-20,exclude
2013-0012-01-21,exclude
2013-0012-01-22,exclude
2013-0012-01-23,exclude
2013-0012-01-24,exclude
2013-0012-01-3,exclude
2013-0012-01-4,exclude
2013-0012-01-5,exclude
2013-0012-01-6,exclude
2013-0012-01-7,exclude
2013-0012-01-8,exclude
2013-0012-01-9,exclude
2013-0013-01-1,exclude
2013-0013-01-10,exclude
2013-0013-01-11,exclude
2013-0013-01-12,exclude
2013-0013-01-13,exclude
2013-0013-01-14,exclude
2013-0013-01-15,exclude
2013-0013-01-16,exclude
2013-0013-01-2,exclude
2013-0013-01-3,exclude
2013-0013-01-4,exclude
2013-0013-01-6,exclude
2013-0013-01-7,exclude
2013-0013-01-8,exclude
2013-0013-01-9,exclude
2013-0063-01-1,exclude
2013-0063-01-10,exclude
2013-0063-01-11,exclude
2013-0063-01-12,exclude
2013-0063-01-13,exclude
2013-0063-01-14,exclude
2013-0063-01-15,exclude
2013-0063-01-16,exclude
2013-0063-01-17,exclude
2013-0063-01-19,exclude
2013-0063-01-2,exclude
2013-0063-01-20,exclude
2013-0063-01-21,exclude
2013-0063-01-22,exclude
2013-0063-01-23,exclude
2013-0063-01-24,exclude
2013-0063-01-25,exclude
2013-0063-01-26,exclude
2013-0063-01-27,exclude
2013-0063-01-28,exclude
2013-0063-01-29,exclude
2013-0063-01-3,exclude
2013-0063-01-30,exclude
2013-0063-01-31,exclude
2013-0063-01-32,exclude
2013-0063-01-33,exclude
2013-0063-01-34,exclude
2013-0063-01-35,exclude
2013-0063-01-36,exclude
2013-0063-01-37,exclude
2013-0063-01-39,exclude
2013-0063-01-40,exclude
2013-0063-01-41,exclude
2013-0063-01-42,exclude
2013-0063-01-43,exclude
2013-0063-01-5,exclude
2013-0063-01-6,exclude
2013-0063-01-7,exclude
2013-0063-01-8,exclude
2013-0063-01-9,exclude
2013-0064-01-1,exclude
2013-0064-01-2,exclude
2013-0064-01-3,exclude
2013-0064-01-4,exclude
2013-0064-01-6,exclude
2013-0187-01-1,exclude
2013-0187-01-2,exclude
2013-0187-01-3,exclude
2013-0187-01-4,exclude
2013-0187-01-5,exclude
2013-0187-01-6,exclude
2013-0187-01-7,exclude
2013-0187-01-8,exclude
2013-0187-01-9,exclude
2013-0265-01-1,exclude
2013-0265-01-10,exclude
2013-0265-01-11,exclude
2013-0265-01-2,exclude
2013-0265-01-3,exclude
2013-0265-01-4,exclude
2013-0265-01-5,exclude
2013-0265-01-6,exclude
2013-0265-01-7,exclude
2013-0265-01-8,exclude
2013-0265-01-9,exclude
2013-0266-01-11,exclude
2013-0266-01-12,exclude
2013-0266-01-13,exclude
2013-0266-01-14,exclude
2013-0266-01-16,exclude
2013-0266-01-17,exclude
2013-0266-01-18,exclude
2013-0266-01-19,exclude
2013-0266-01-2,exclude
2013-0266-01-20,exclude
2013-0266-01-3,exclude
2013-0266-01-4,exclude
2013-0266-01-5,exclude
2013-0266-01-6,exclude
2013-0266-01-7,exclude
2013-0266-01-9,exclude
2013-1093-01-1,exclude
2013-1313-01-2,exclude
2013-1313-01-3,exclude
2014-0148-01-1,exclude
2014-0148-01-2,exclude
2014-0148-01-3,exclude
2014-0148-01-4,exclude
2014-0148-01-5,exclude
2014-0148-01-6,exclude
2014-0148-01-7,exclude
2014-0149-01-1,exclude
2014-0149-01-10,exclude
2014-0149-01-11,exclude
2014-0149-01-12,exclude
2014-0149-01-13,exclude
2014-0149-01-14,exclude
2014-0149-01-15,exclude
2014-0149-01-16,exclude
2014-0149-01-17,exclude
2014-0149-01-18,exclude
2014-0149-01-19,exclude
2014-0149-01-2,exclude
2014-0149-01-20,exclude
2014-0149-01-22,exclude
2014-0149-01-23,exclude
2014-0149-01-24,exclude
2014-0149-01-25,exclude
2014-0149-01-26,exclude
2014-0149-01-27,exclude
2014-0149-01-28,exclude
2014-0149-01-29,exclude
2014-0149-01-3,exclude
2014-0149-01-30,exclude
2014-0149-01-31,exclude
2014-0149-01-32,exclude
2014-0149-01-4,exclude
2014-0149-01-5,exclude
2014-0149-01-6,exclude
2014-0149-01-7,exclude
2014-0149-01-9,exclude
2014-0159-01-1,exclude
2014-0329-01-1,exclude
2014-0329-01-2,exclude
2014-0329-01-3,exclude
2014-0561-01-1,exclude
2014-0561-01-2,exclude
2014-0561-01-3,exclude
2014-0873-01-1,exclude
2014-0873-01-2,exclude
2014-0873-01-3,exclude
2014-0873-01-4,exclude
2014-0873-01-5,exclude
2014-0873-01-6,exclude
2014-0873-01-7,exclude
2014-0873-01-8,exclude
2014-0873-01-9,exclude
2014-0874-01-1,exclude
2015-0151-01-1,exclude
2015-0151-01-11,exclude
2015-0151-01-12,exclude
2015-0151-01-13,exclude
2015-0151-01-14,exclude
2015-0151-01-15,exclude
2015-0151-01-16,exclude
2015-0151-01-17,exclude
2015-0151-01-18,exclude
2015-0151-01-19,exclude
2015-0151-01-2,exclude
2015-0151-01-20,exclude
2015-0151-01-4,exclude
2015-0151-01-5,exclude
2015-0151-01-6,exclude
2015-0151-01-7,exclude
2015-0151-01-8,exclude
2015-0151-01-9,exclude
2015-0152-01-2,exclude
2015-0152-01-3,exclude
2015-0416-01-1,exclude
2015-0429-01-1,exclude
2015-0623-01-1,exclude
2016-0042-01-1,exclude
2016-0042-01-10,exclude
2016-0042-01-11,exclude
2016-0042-01-2,exclude
2016-0042-01-3,exclude
2016-0042-01-5,exclude
2016-0042-01-6,exclude
2016-0042-01-8,exclude
2016-0042-01-9,exclude
2016-0072-01-1,exclude
2016-0473-01-1,exclude
2016-0473-01-2,exclude
2016-0473-01-3,exclude
2016-0473-01-4,exclude
2016-0474-01-1,exclude
2016-0474-01-2,exclude
2016-0474-01-3,exclude
2016-0474-01-4,exclude
2016-0474-01-5,exclude
2017-0098-01-1,exclude
2017-0098-01-2,exclude
2017-0099-01-1,exclude
2017-0099-01-10,exclude
2017-0099-01-11,exclude
2017-0099-01-12,exclude
2017-0099-01-13,exclude
2017-0099-01-14,exclude
2017-0099-01-15,exclude
2017-0099-01-16,exclude
2017-0099-01-17,exclude
2017-0099-01-18,exclude
2017-0099-01-19,exclude
2017-0099-01-2,exclude
2017-0099-01-3,exclude
2017-0099-01-4,exclude
2017-0099-01-5,exclude
2017-0099-01-6,exclude
2017-0099-01-7,exclude
2017-0099-01-8,exclude
2017-0099-01-9,exclude
2017-0114-01-1,exclude
2017-0569-01-1,exclude
2017-0569-01-2,exclude
2017-0569-01-3,exclude
2017-0569-01-4,exclude
2017-0569-01-5,exclude
2018-0026-01-1,exclude
2018-0026-01-10,exclude
2018-0026-01-2,exclude
2018-0026-01-3,exclude
2018-0026-01-4,exclude
2018-0026-01-6,exclude
2018-0026-01-7,exclude
2018-0026-01-8,exclude
2018-0026-01-9,exclude
2018-0040-01-1,exclude
2018-0040-01-2,exclude
2018-0040-01-3,exclude
2018-0054-01-1,exclude
2018-0054-01-2,exclude
2018-0098-10-1,exclude
2018-0110-01-1,exclude
2018-0110-01-10,exclude
2018-0110-01-11,exclude
2018-0110-01-12,exclude
2018-0110-01-13,exclude
2018-0110-01-14,exclude
2018-0110-01-15,exclude
2018-0110-01-2,exclude
2018-0110-01-3,exclude
2018-0110-01-6,exclude
2018-0110-01-7,exclude
2018-0110-01-8,exclude
2018-0110-01-9,exclude
2018-0406-01-1,exclude
2018-0406-01-10,exclude
2018-0406-01-11,exclude
2018-0406-01-2,exclude
2018-0406-01-3,exclude
2018-0406-01-4,exclude
2018-0406-01-5,exclude
2018-0406-01-6,exclude
2018-0406-01-7,exclude
2018-0406-01-8,exclude
2018-0406-01-9,exclude
2018-0582-01-1,exclude
2018-0582-01-2,exclude
2018-0582-01-3,exclude
2018-0582-01-4,exclude
2018-0582-01-5,exclude
2018-0582-01-6,exclude
2019-0042-01-1,exclude
2019-0042-01-10,exclude
2019-0042-01-11,exclude
2019-0042-01-12,exclude
2019-0042-01-13,exclude
2019-0042-01-14,exclude
2019-0042-01-15,exclude
2019-0042-01-16,exclude
2019-0042-01-17,exclude
2019-0042-01-2,exclude
2019-0042-01-3,exclude
2019-0042-01-4,exclude
2019-0042-01-5,exclude
2019-0042-01-6,exclude
2019-0042-01-7,exclude
2019-0042-01-8,exclude
2019-0042-01-9,exclude
2019-0142-01-1,exclude
2019-0188-01-1,exclude
2019-0188-01-10,exclude
2019-0188-01-11,exclude
2019-0188-01-13,exclude
2019-0188-01-14,exclude
2019-0188-01-15,exclude
2019-0188-01-2,exclude
2019-0188-01-3,exclude
2019-0188-01-4,exclude
2019-0188-01-5,exclude
2019-0188-01-6,exclude
2019-0188-01-7,exclude
2019-0188-01-8,exclude
2019-0188-01-9,exclude
2019-0269-01-1,exclude
2019-0297-01-1,exclude
2019-0298-01-1,exclude
2019-0298-01-2,exclude
2019-0298-01-3,exclude
2019-0310-01-1,exclude
2019-0347-01-1,exclude
2019-0347-01-2,exclude
2019-0347-01-3,exclude
2020-0150-01-1,exclude
2020-0150-01-2,exclude
2020-0150-01-3,exclude
2020-0150-01-4,exclude
2020-0150-01-5,exclude
2020-0150-01-6,exclude
2020-0150-01-7,exclude
2020-0150-01-8,exclude
